event,event_date,auction_house,apex_lots,total_lots,highlight_line_usd,auction_rating,apex_sell_through,total_sold_usd,median_sold_usd,apex_from_estimate,apex_from_sold_price
Air/Water,2026-04-26,Broad Arrow,7,63,749650.0000,12.8356,1.0000,20309580.5000,221760.0000,0,7
Bonhams Laguna Seca,2026-08-13,Bonhams,5,47,500000.0000,8.5610,0.6000,10000268.4000,77772.8000,2,3
Broad Arrow Amelia Island 2026,2026-03-06,Broad Arrow,11,105,940000.0000,16.0948,1.0000,56555150.0000,176400.0000,0,11
Broad Arrow Villa d'Este 2026,2026-05-18,Broad Arrow,7,61,1058000.0000,18.1152,1.0000,26798800.0000,256500.0000,0,7
Global Icons: Zoute Online 2026,2026-10-05,Broad Arrow,4,32,392140.0000,6.7143,0.0000,0.0000,0.0000,4,0
Gooding Amelia Island 2026,2026-03-07,Gooding Christie's,14,134,875000.0000,14.9818,1.0000,63589670.0000,171500.0000,0,14
Gooding Monterey 2026,2026-08-15,Gooding Christie's,17,167,2200000.0000,37.6686,0.9412,143140000.0000,230000.0000,16,1
Gooding Retromobile 2026,2026-01-29,Gooding Christie's,6,55,2255000.0000,38.6103,1.0000,40704002.0000,291875.0000,0,6
RM Arizona 2026,2026-01-24,RM Sotheby's,3,24,599000.0000,10.2561,1.0000,12958920.0000,134400.0000,0,3
RM Miami 2026,2026-02-27,RM Sotheby's,6,58,929000.0000,15.9064,1.0000,25142160.0000,329500.0000,0,6
RM Monterey Auction 2026,2026-08-15,RM Sotheby's,19,187,5208500.0000,89.1804,1.0000,413211260.0000,876700.0000,0,19
RM Retromobile 2026,2026-01-28,RM Sotheby's,0,4,0.0000,0.0000,0.0000,1562000.0000,781000.0000,0,0
The Audrain Auction 2026,2026-10-02,Broad Arrow,7,65,500000.0000,8.5610,0.5714,7467000.0000,62500.0000,7,0
The Hershey Auction 2026,2026-10-07,RM Sotheby's,17,166,200000.0000,3.4244,1.0000,12839210.0000,47600.0000,17,0
The Monaco Auction,2026-04-24,RM Sotheby's,6,60,5840408.4000,100.0000,1.0000,116718842.0700,812143.2000,0,6
The Tegernsee Auction,2026-07-19,RM Sotheby's,0,19,0.0000,0.0000,0.0000,13601204.9700,479984.1200,0,0
The Zoute Concours Auction 2026,2026-10-09,Broad Arrow,9,84,1456780.0000,24.9431,0.8889,33095800.4000,168090.0000,9,0
