manufacturer,events_present,total_apex_lots,avg_P,avg_Q,avg_R,MAI_score,apex_from_estimate,apex_from_sold_price
Ferrari,11,45,0.455967,0.829872,0.909091,0.554,8,37
Porsche,7,16,0.283093,0.639205,0.857143,0.088348,5,11
Bugatti,6,7,0.140046,0.892857,1.0,0.065605,1,6
Mercedes-Benz,8,12,0.154044,0.7412,0.75,0.050121,6,6
Lamborghini,3,3,0.126984,,1.0,0.026497,0,3
McLaren,3,3,0.120718,0.664286,1.0,0.022493,1,2
Aston Martin,2,2,0.109649,,1.0,0.019282,0,2
Talbot-Lago,1,1,0.166667,,1.0,0.016894,0,1
Duesenberg,3,3,0.067455,0.852083,1.0,0.016692,1,2
Delage,1,1,0.052632,,1.0,0.012322,0,1
Chevrolet,1,1,0.052632,,1.0,0.012322,0,1
Pagani,1,1,0.052632,,1.0,0.012322,0,1
Maserati,1,2,0.117647,0.88125,1.0,0.011634,2,0
Bentley,2,2,0.154412,,0.0,0.010224,2,0
Mclaren,1,1,0.333333,,1.0,0.008975,0,1
Shelby,2,2,0.065126,,1.0,0.008627,0,2
Alfa Romeo,2,2,0.065126,0.857143,1.0,0.008627,1,1
Isdera,1,1,0.166667,,1.0,0.00696,0,1
Stevens-Miller,1,1,0.058824,0.483333,1.0,0.005817,1,0
Packard,2,2,0.129412,0.522667,1.0,0.005024,1,1
RUF,1,1,0.142857,,1.0,0.004814,0,1
BMW,1,1,0.2,,0.0,0.004495,1,0
Vollstedt-Ford,1,1,0.2,,1.0,0.004495,0,1
Lola-Ford,1,1,0.2,,0.0,0.004495,1,0
Stutz,1,1,0.142857,0.85,1.0,0.003211,1,0
Bizzarrini,1,1,0.142857,,0.0,0.003211,1,0
Jaguar,1,1,0.071429,,1.0,0.002809,0,1
Miller,1,1,0.071429,,1.0,0.002809,0,1
Buick,1,4,0.235294,0.79725,1.0,0.002115,4,0
Cadillac,1,4,0.235294,0.795862,1.0,0.002115,4,0
Chrysler,1,1,0.058824,0.8,1.0,0.000529,1,0
Fiat,1,1,0.058824,0.56,1.0,0.000529,1,0
Cord,1,1,0.058824,0.624,1.0,0.000529,1,0
Mercedes,1,1,0.058824,0.498462,1.0,0.000529,1,0
Silsby/American LaFrance,1,1,0.058824,0.597333,1.0,0.000529,1,0
