event,event_date,auction_house,lot_number,manufacturer,model,year_of_car,low_estimate_usd,high_estimate_usd,notes
The Zoute Concours Auction 2026,2026-10-09,Broad Arrow,,Porsche,550 Spyder Pennewitz Children's Car,2004,22372,33558,store:cw-broadarrow-1-dgrs6h; needs review; EUR at 1.1186 USD
The Zoute Concours Auction 2026,2026-10-09,Broad Arrow,,Cadillac,Series 62 Convertible,1951,44744,78302,store:cw-broadarrow-1-dgrs6j; needs review; EUR at 1.1186 USD
The Zoute Concours Auction 2026,2026-10-09,Broad Arrow,,Ferrari,575M Maranello,2002,100674,145418,store:cw-broadarrow-1-dgrs6l; needs review; EUR at 1.1186 USD
The Zoute Concours Auction 2026,2026-10-09,Broad Arrow,,BMW,M coupé,1999,67116,89488,store:cw-broadarrow-1-dgrs6n; needs review; EUR at 1.1186 USD
The Zoute Concours Auction 2026,2026-10-09,Broad Arrow,,BMW,Alpina B10 V8 Limousine,2001,50337,67116,store:cw-broadarrow-1-dgrs6p; needs review; EUR at 1.1186 USD
The Zoute Concours Auction 2026,2026-10-09,Broad Arrow,,Lamborghini,Diablo,1992,167790,223720,store:cw-broadarrow-1-dgrs6r; needs review; EUR at 1.1186 USD
The Zoute Concours Auction 2026,2026-10-09,Broad Arrow,,Aston Martin,V8 Vantage X-Pack X-Pack,1987,335580,447440,store:cw-broadarrow-1-dgrs6t; needs review; EUR at 1.1186 USD
The Zoute Concours Auction 2026,2026-10-09,Broad Arrow,,Porsche,911 GT2 RS Weissach Package Clubsport,2018,447440,559300,store:cw-broadarrow-1-dgrs6v; EUR at 1.1186 USD
The Zoute Concours Auction 2026,2026-10-09,Broad Arrow,,Ferrari,Testarossa,1990,156604,212534,store:cw-broadarrow-1-dgrs6x; needs review; EUR at 1.1186 USD
The Zoute Concours Auction 2026,2026-10-09,Broad Arrow,,Ferrari,365 GT 2+2,1969,178976,223720,store:cw-broadarrow-1-dgrs6z; needs review; EUR at 1.1186 USD
The Zoute Concours Auction 2026,2026-10-09,Broad Arrow,,Lamborghini,Countach 5000 S,1984,559300,783020,store:cw-broadarrow-1-dgrs71; needs review; EUR at 1.1186 USD
The Zoute Concours Auction 2026,2026-10-09,Broad Arrow,,Ferrari,599 GTO,2010,1230460,1677900,store:cw-broadarrow-1-dgrs73; needs review; EUR at 1.1186 USD
The Zoute Concours Auction 2026,2026-10-09,Broad Arrow,,Mercedes-Benz,300 SL Roadster,1957,1230460,1454180,store:cw-broadarrow-1-dgrs75; needs review; EUR at 1.1186 USD
The Zoute Concours Auction 2026,2026-10-09,Broad Arrow,,Ferrari,488 Pista Piloti Ferrari,2020,783020,1006740,store:cw-broadarrow-1-dgrs77; needs review; EUR at 1.1186 USD
The Zoute Concours Auction 2026,2026-10-09,Broad Arrow,,Mercedes-AMG,GT R,2022,145418,178976,store:cw-broadarrow-1-dgrs79; EUR at 1.1186 USD
The Zoute Concours Auction 2026,2026-10-09,Broad Arrow,,Ferrari,430 Scuderia,2008,475405,531335,store:cw-broadarrow-1-dgrs7b; needs review; EUR at 1.1186 USD
The Zoute Concours Auction 2026,2026-10-09,Broad Arrow,,Aston Martin,Virage 6.3 Volante Wide Body,1997,111860,167790,store:cw-broadarrow-1-dgrs7d; needs review; EUR at 1.1186 USD
The Zoute Concours Auction 2026,2026-10-09,Broad Arrow,,Ferrari,Superamerica,2005,357952,447440,store:cw-broadarrow-1-dgrs7f; needs review; EUR at 1.1186 USD
The Zoute Concours Auction 2026,2026-10-09,Broad Arrow,,Mercedes-AMG,G 63 4x4²,2024,178976,223720,store:cw-broadarrow-1-dgrs7h; needs review; EUR at 1.1186 USD
The Zoute Concours Auction 2026,2026-10-09,Broad Arrow,,McLaren,P1,2015,1566040,2013480,store:cw-broadarrow-1-dgrs7j; needs review; EUR at 1.1186 USD
The Zoute Concours Auction 2026,2026-10-09,Broad Arrow,,Ferrari,812 Competizione,2022,1454180,1677900,store:cw-broadarrow-1-dgrs7l; EUR at 1.1186 USD
The Zoute Concours Auction 2026,2026-10-09,Broad Arrow,,Lamborghini,Gallardo LP570-4 Superleggera,2011,156604,201348,store:cw-broadarrow-1-dgrs7n; needs review; EUR at 1.1186 USD
The Zoute Concours Auction 2026,2026-10-09,Broad Arrow,,Aston Martin,DB2/4 Mk I Drophead Coupe,1954,223720,279650,store:cw-broadarrow-1-dgrs7p; needs review; EUR at 1.1186 USD
The Zoute Concours Auction 2026,2026-10-09,Broad Arrow,,Mercedes-Benz,300 SL Gullwing Coupe,1955,1901620,2237200,store:cw-broadarrow-1-dgrs7r; EUR at 1.1186 USD
The Zoute Concours Auction 2026,2026-10-09,Broad Arrow,,Jaguar,XK 150 S 3.4 Roadster,1958,111860,167790,store:cw-broadarrow-1-dgrs7t; needs review; EUR at 1.1186 USD
The Zoute Concours Auction 2026,2026-10-09,Broad Arrow,,Aston Martin,DB2/4 Mk III,1958,167790,223720,store:cw-broadarrow-1-dgrs7v; needs review; EUR at 1.1186 USD
The Zoute Concours Auction 2026,2026-10-09,Broad Arrow,,Ferrari,250 GT Berlinetta Lusso,1964,1118600,1454180,store:cw-broadarrow-1-dgrs7x; needs review; EUR at 1.1186 USD
The Zoute Concours Auction 2026,2026-10-09,Broad Arrow,,Rolls-Royce,Silver Cloud II Drophead Coupe by H.J. Mulliner,1962,190162,257278,store:cw-broadarrow-1-dgrs7z; needs review; EUR at 1.1186 USD
The Zoute Concours Auction 2026,2026-10-09,Broad Arrow,,Mercedes-Benz,300 SEL 6.3,1969,67116,100674,store:cw-broadarrow-1-dgrs81; needs review; EUR at 1.1186 USD
The Zoute Concours Auction 2026,2026-10-09,Broad Arrow,,Jaguar,E-Type Series 1 4.2 Roadster,1965,167790,201348,store:cw-broadarrow-1-dgrs83; needs review; EUR at 1.1186 USD
The Zoute Concours Auction 2026,2026-10-09,Broad Arrow,,BMW,Z8 ex-Pete Sampras,2000,279650,391510,store:cw-broadarrow-1-dgrs85; needs review; EUR at 1.1186 USD
The Zoute Concours Auction 2026,2026-10-09,Broad Arrow,,De Tomaso,Pantera GTS Group 3,1972,145418,190162,store:cw-broadarrow-1-dgrs87; needs review; EUR at 1.1186 USD
The Zoute Concours Auction 2026,2026-10-09,Broad Arrow,,Aston Martin,DB AR1 Zagato,2003,223720,279650,store:cw-broadarrow-1-dgrs89; needs review; EUR at 1.1186 USD
The Zoute Concours Auction 2026,2026-10-09,Broad Arrow,,Porsche,911 GT3,2000,134232,156604,store:cw-broadarrow-1-dgrs8b; EUR at 1.1186 USD
The Zoute Concours Auction 2026,2026-10-09,Broad Arrow,,Ferrari,365 GT4 BB,1975,503370,615230,store:cw-broadarrow-1-dgrs8d; needs review; EUR at 1.1186 USD
The Zoute Concours Auction 2026,2026-10-09,Broad Arrow,,Ferrari,F355 GTS,1998,167790,223720,store:cw-broadarrow-1-dgrs8f; needs review; EUR at 1.1186 USD
The Zoute Concours Auction 2026,2026-10-09,Broad Arrow,,Porsche,Carrera GT,2005,3020220,3691380,store:cw-broadarrow-1-dgrs8h; EUR at 1.1186 USD
The Zoute Concours Auction 2026,2026-10-09,Broad Arrow,,Land Rover,Range Rover,1979,95081,117453,store:cw-broadarrow-1-dgrs8j; needs review; EUR at 1.1186 USD
The Zoute Concours Auction 2026,2026-10-09,Broad Arrow,,Fiat,1100 TV coupé Printemps by Vignale by Vignale,1957,178976,195755,store:cw-broadarrow-1-dgrs8l; needs review; EUR at 1.1186 USD
The Zoute Concours Auction 2026,2026-10-09,Broad Arrow,,Mercedes-Benz,230 SL Pagoda Pagoda,1965,100674,156604,store:cw-broadarrow-1-dgrs8n; needs review; EUR at 1.1186 USD
The Zoute Concours Auction 2026,2026-10-09,Broad Arrow,,Porsche,911 Turbo Coupe,1988,178976,246092,store:cw-broadarrow-1-dgrs8p; EUR at 1.1186 USD
The Zoute Concours Auction 2026,2026-10-09,Broad Arrow,,BMW,850 CSi,1993,139825,167790,store:cw-broadarrow-1-dgrs8r; needs review; EUR at 1.1186 USD
The Zoute Concours Auction 2026,2026-10-09,Broad Arrow,,Jaguar,XJ220,1992,503370,615230,store:cw-broadarrow-1-dgrs8t; needs review; EUR at 1.1186 USD
The Zoute Concours Auction 2026,2026-10-09,Broad Arrow,,Land Rover,Series 1,1951,67116,89488,store:cw-broadarrow-1-dgrs8v; needs review; EUR at 1.1186 USD
The Zoute Concours Auction 2026,2026-10-09,Broad Arrow,,Citroën,DS 21 Cabriolet Palm Beach by Chapron,1966,201348,246092,store:cw-broadarrow-1-dgrs8x; needs review; EUR at 1.1186 USD
The Zoute Concours Auction 2026,2026-10-09,Broad Arrow,,Porsche,356 Pre-A “Knickscheibe” 1500 Cabriolet Cabriolet,1953,156604,201348,store:cw-broadarrow-1-dgrs8z; needs review; EUR at 1.1186 USD
The Zoute Concours Auction 2026,2026-10-09,Broad Arrow,,Monte Carlo Automotive,Centenaire,1990,1006740,1342320,store:cw-broadarrow-1-dgrs91; needs review; EUR at 1.1186 USD
The Zoute Concours Auction 2026,2026-10-09,Broad Arrow,,Arnolt-Bristol,Bolide,1954,246092,335580,store:cw-broadarrow-1-dgrs93; needs review; EUR at 1.1186 USD
The Zoute Concours Auction 2026,2026-10-09,Broad Arrow,,Lancia,Kimera EVO37,1976,1062670,1286390,store:cw-broadarrow-1-dgrs95; needs review; EUR at 1.1186 USD
The Zoute Concours Auction 2026,2026-10-09,Broad Arrow,,Ferrari,308 GTB Dry Sump,1979,100674,145418,store:cw-broadarrow-1-dgrs97; needs review; EUR at 1.1186 USD
The Zoute Concours Auction 2026,2026-10-09,Broad Arrow,,Porsche,911 R,2016,413882,503370,store:cw-broadarrow-1-dgrs99; EUR at 1.1186 USD
The Zoute Concours Auction 2026,2026-10-09,Broad Arrow,,Ferrari,308 GTB Vetroresina,1976,212534,268464,store:cw-broadarrow-1-dgrs9b; needs review; EUR at 1.1186 USD
The Zoute Concours Auction 2026,2026-10-09,Broad Arrow,,Shelby,GT350 Fastback,1966,201348,257278,store:cw-broadarrow-1-dgrs9d; needs review; EUR at 1.1186 USD
The Zoute Concours Auction 2026,2026-10-09,Broad Arrow,,Lancia,Delta Integrale Futurista by Automobili Amos,1991,363545,475405,store:cw-broadarrow-1-dgrs9f; needs review; EUR at 1.1186 USD
The Zoute Concours Auction 2026,2026-10-09,Broad Arrow,,BMW,M5 Volkswagen W10 Prototype ex-Ferdinand Piëch ex-Ferdinand Piëch,2000,279650,391510,store:cw-broadarrow-1-dgrs9h; needs review; EUR at 1.1186 USD
The Zoute Concours Auction 2026,2026-10-09,Broad Arrow,,MV Agusta,F4 1000 Senna,2006,50337,95081,store:cw-broadarrow-1-dgrs9j; needs review; EUR at 1.1186 USD
The Zoute Concours Auction 2026,2026-10-09,Broad Arrow,,Alfa Romeo,Giulia GTC,1966,83895,106267,store:cw-broadarrow-1-dgrs9l; needs review; EUR at 1.1186 USD
The Zoute Concours Auction 2026,2026-10-09,Broad Arrow,,Ferrari,512 BB,1981,391510,447440,store:cw-broadarrow-1-dgrs9n; needs review; EUR at 1.1186 USD
The Zoute Concours Auction 2026,2026-10-09,Broad Arrow,,Lancia,Stratos HF Stradale,1976,727090,838950,store:cw-broadarrow-1-dgrs9p; needs review; EUR at 1.1186 USD
The Zoute Concours Auction 2026,2026-10-09,Broad Arrow,,APAL,GT Coupé,1965,67116,100674,store:cw-broadarrow-1-dgrs9r; needs review; EUR at 1.1186 USD
The Zoute Concours Auction 2026,2026-10-09,Broad Arrow,,Ferrari,Dino 246 GTS,1972,391510,503370,store:cw-broadarrow-1-dgrs9t; needs review; EUR at 1.1186 USD
The Zoute Concours Auction 2026,2026-10-09,Broad Arrow,,Mercedes-Benz,250 SE Cabriolet Cabriolet,1967,100674,123046,store:cw-broadarrow-1-dgrs9v; needs review; EUR at 1.1186 USD
The Zoute Concours Auction 2026,2026-10-09,Broad Arrow,,Ferrari,Daytona Shooting Brake Hommage by Niels van Roij Design,2009,503370,727090,store:cw-broadarrow-1-dgrs9x; needs review; EUR at 1.1186 USD
The Zoute Concours Auction 2026,2026-10-09,Broad Arrow,,Porsche,918 Spyder Weissach Package,2015,2908360,3355800,store:cw-broadarrow-1-dgrs9z; EUR at 1.1186 USD
The Zoute Concours Auction 2026,2026-10-09,Broad Arrow,,SS,Jaguar 100 2½ Litre Roadster,1937,134232,178976,store:cw-broadarrow-1-dgrsa1; needs review; EUR at 1.1186 USD
The Zoute Concours Auction 2026,2026-10-09,Broad Arrow,,Bentley,4¼-Litre Aerofoil Sport by Gurney Nutting,1937,167790,223720,store:cw-broadarrow-1-dgrsa3; needs review; EUR at 1.1186 USD
The Zoute Concours Auction 2026,2026-10-09,Broad Arrow,,Porsche,911 Turbo,1995,190162,246092,store:cw-broadarrow-1-dgrsa5; EUR at 1.1186 USD
The Zoute Concours Auction 2026,2026-10-09,Broad Arrow,,McLaren,M4A Formula 2 Formula 2,1967,67116,89488,store:cw-broadarrow-1-dgrsa7; needs review; EUR at 1.1186 USD
The Zoute Concours Auction 2026,2026-10-09,Broad Arrow,,Lancia,Aurelia B24S Spider Spider,1955,503370,615230,store:cw-broadarrow-1-dgrsa9; needs review; EUR at 1.1186 USD
The Zoute Concours Auction 2026,2026-10-09,Broad Arrow,,Aston Martin,DB6 Volante Volante,1967,363545,419475,store:cw-broadarrow-1-dgrsab; needs review; EUR at 1.1186 USD
The Zoute Concours Auction 2026,2026-10-09,Broad Arrow,,Mercedes-Benz,G 320 CDI Cabriolet Cabriolet,2007,111860,134232,store:cw-broadarrow-1-dgrsad; needs review; EUR at 1.1186 USD
The Zoute Concours Auction 2026,2026-10-09,Broad Arrow,,Bizzarrini,5300 GT Strada,1966,783020,950810,store:cw-broadarrow-1-dgrsaf; needs review; EUR at 1.1186 USD
The Zoute Concours Auction 2026,2026-10-09,Broad Arrow,,Porsche,911 Carrera 2 Coupe,1993,111860,156604,store:cw-broadarrow-1-dgrsah; EUR at 1.1186 USD
The Zoute Concours Auction 2026,2026-10-09,Broad Arrow,,Porsche,968 Club Sport,1993,55930,78302,store:cw-broadarrow-1-dgrsaj; EUR at 1.1186 USD
The Zoute Concours Auction 2026,2026-10-09,Broad Arrow,,Aston Martin,V8 Volante Volante,1987,195755,251685,store:cw-broadarrow-1-dgrsal; needs review; EUR at 1.1186 USD
The Zoute Concours Auction 2026,2026-10-09,Broad Arrow,,Lancia,Flaminia Sport Zagato Series I,1959,223720,279650,store:cw-broadarrow-1-dgrsan; needs review; EUR at 1.1186 USD
The Zoute Concours Auction 2026,2026-10-09,Broad Arrow,,Porsche,911 L Soft-Window Targa,1968,167790,201348,store:cw-broadarrow-1-dgrsap; needs review; EUR at 1.1186 USD
The Zoute Concours Auction 2026,2026-10-09,Broad Arrow,,Ferrari,575M Maranello,2003,251685,290836,store:cw-broadarrow-1-dgrsar; needs review; EUR at 1.1186 USD
The Zoute Concours Auction 2026,2026-10-09,Broad Arrow,,Ferrari,250 GTE,1961,251685,307615,store:cw-broadarrow-1-dgrsat; needs review; EUR at 1.1186 USD
The Zoute Concours Auction 2026,2026-10-09,Broad Arrow,,Ferrari,512 TR,1992,279650,335580,store:cw-broadarrow-1-dgrsav; needs review; EUR at 1.1186 USD
The Zoute Concours Auction 2026,2026-10-09,Broad Arrow,,Porsche,911 Carrera RUF 3.6 Kompressor,2003,184569,206941,store:cw-broadarrow-1-dgrsax; needs review; EUR at 1.1186 USD
The Zoute Concours Auction 2026,2026-10-09,Broad Arrow,,Ferrari,360 Challenge Stradale,2004,531335,643195,store:cw-broadarrow-1-dgrsaz; needs review; EUR at 1.1186 USD
The Zoute Concours Auction 2026,2026-10-09,Broad Arrow,,Ferrari,550 Maranello,2000,167790,223720,store:cw-broadarrow-1-dgrsb1; needs review; EUR at 1.1186 USD
The Zoute Concours Auction 2026,2026-10-09,Broad Arrow,,Ferrari,LaFerrari,2015,4474400,5593000,store:cw-broadarrow-1-dgrsb3; needs review; EUR at 1.1186 USD
Sealed October,2026-10-28,RM Sotheby's,,Ferrari,Superamerica,2006,495262.50,561297.50,store:cw-rm-s1026-r0010; needs review; GBP at 1.3207 USD
The Red Catalogue,2026-10-30,RM Sotheby's,,Honda,Spree NQ50,1986,500,700,store:cw-rm-p226-a0025; needs review
The Red Catalogue,2026-10-30,RM Sotheby's,,Ferrari,250 GT SWB 1:3 Scale Model,1961,10000,15000,store:cw-rm-p226-n2048; needs review
The Red Catalogue,2026-10-30,RM Sotheby's,,Alfa Romeo,Giulietta 750 Spider by Pinin Farina,1958,3000,5000,store:cw-rm-p226-r0001; needs review
The Red Catalogue,2026-10-30,RM Sotheby's,,Alfa Romeo,Giulietta Spider Veloce Project,1959,10000,15000,store:cw-rm-p226-r0002; needs review
The Red Catalogue,2026-10-30,RM Sotheby's,,Alfa Romeo,Giulia GT Veloce GTAm Conversion,1967,5000,8000,store:cw-rm-p226-r0003; needs review
The Red Catalogue,2026-10-30,RM Sotheby's,,Alfa Romeo,GTA 1300 Junior,1968,25000,50000,store:cw-rm-p226-r0004; needs review
The Red Catalogue,2026-10-30,RM Sotheby's,,Alfa Romeo,Montreal by Bertone,1975,20000,30000,store:cw-rm-p226-r0006; needs review
The Red Catalogue,2026-10-30,RM Sotheby's,,Alfa Romeo,Giulia GTA Junior Racecar,,15000,25000,store:cw-rm-p226-r0007; needs review
The Red Catalogue,2026-10-30,RM Sotheby's,,Alfa Romeo,Alfetta GTV 2.0,1979,2000,3000,store:cw-rm-p226-r0008; needs review
The Red Catalogue,2026-10-30,RM Sotheby's,,Alfa Romeo,GTV Racecar,,20000,30000,store:cw-rm-p226-r0009; needs review
The Red Catalogue,2026-10-30,RM Sotheby's,,Jaguar,XJ12 Vanden Plas,1985,3000,5000,store:cw-rm-p226-r0010; needs review
The Red Catalogue,2026-10-30,RM Sotheby's,,Jaguar,XJS V-12,1994,7000,10000,store:cw-rm-p226-r0012; needs review
The Red Catalogue,2026-10-30,RM Sotheby's,,Alfa Romeo,Giulia TI,1965,1500,2000,store:cw-rm-p226-r0013; needs review
The Red Catalogue,2026-10-30,RM Sotheby's,,Alfa Romeo,Giulia Sprint GTA 1300 Junior Project,1968,2000,4000,store:cw-rm-p226-r0014; needs review
The Red Catalogue,2026-10-30,RM Sotheby's,,Alfa Romeo,Gulia Super Project,1966,250,500,store:cw-rm-p226-r0015; needs review
The London Auction 2026,2026-10-31,RM Sotheby's,,Clément,AC4R 12/16 HP Rear-Entrance Tonneau,1903,462245,594315,store:cw-rm-lf26-r0001; needs review; GBP at 1.3207 USD
The London Auction 2026,2026-10-31,RM Sotheby's,,Honda,NSX,1991,660350,1056560,store:cw-rm-lf26-r0002; needs review; GBP at 1.3207 USD
The London Auction 2026,2026-10-31,RM Sotheby's,,Invicta,4½-Litre S-Type ‘Low Chassis’ Sports by Vanden Plas,1931,594315,858455,store:cw-rm-lf26-r0003; needs review; GBP at 1.3207 USD
The London Auction 2026,2026-10-31,RM Sotheby's,,Ferrari,250 GT/L Berlinetta Lusso by Scaglietti,1964,990525,1254665,store:cw-rm-lf26-r0004; needs review; GBP at 1.3207 USD
The London Auction 2026,2026-10-31,RM Sotheby's,,Mercedes-Benz,300 SL Roadster,1963,1452770,1716910,store:cw-rm-lf26-r0005; needs review; GBP at 1.3207 USD
The London Auction 2026,2026-10-31,RM Sotheby's,,Ferrari,550 Maranello,2002,303761,369796,store:cw-rm-lf26-r0006; needs review; GBP at 1.3207 USD
The London Auction 2026,2026-10-31,RM Sotheby's,,Bentley,B Special 'Blue Train' Recreation by Racing Green,1953,488659,567901,store:cw-rm-lf26-r0007; needs review; GBP at 1.3207 USD
The London Auction 2026,2026-10-31,RM Sotheby's,,Ferrari,F40,1988,2377260,3169680,store:cw-rm-lf26-r0008; needs review; GBP at 1.3207 USD
The London Auction 2026,2026-10-31,RM Sotheby's,,Mercedes-Benz,190 SL,1955,105656,158484,store:cw-rm-lf26-r0009; GBP at 1.3207 USD
The London Auction 2026,2026-10-31,RM Sotheby's,,Porsche,911 Carrera RS 3.8,1993,1056560,1320700,store:cw-rm-lf26-r0010; needs review; GBP at 1.3207 USD
The London Auction 2026,2026-10-31,RM Sotheby's,,Jaguar,XK 120 SE Drophead Coupé,1953,92449,105656,store:cw-rm-lf26-r0011; needs review; GBP at 1.3207 USD
The London Auction 2026,2026-10-31,RM Sotheby's,,Ferrari,458 Speciale Aperta,2015,1584840,1981050,store:cw-rm-lf26-r0013; needs review; GBP at 1.3207 USD
The London Auction 2026,2026-10-31,RM Sotheby's,,Ferrari,458 Speciale,2015,660350,924490,store:cw-rm-lf26-r0014; GBP at 1.3207 USD
The London Auction 2026,2026-10-31,RM Sotheby's,,Ferrari,430 Scuderia,2008,528280,660350,store:cw-rm-lf26-r0015; needs review; GBP at 1.3207 USD
The London Auction 2026,2026-10-31,RM Sotheby's,,Aston Martin,Valkyrie Coupé,2023,2377260,3169680,store:cw-rm-lf26-r0016; needs review; GBP at 1.3207 USD
The London Auction 2026,2026-10-31,RM Sotheby's,,Jaguar,XKSS Recreation,1967,237726,316968,store:cw-rm-lf26-r0017; needs review; GBP at 1.3207 USD
The London Auction 2026,2026-10-31,RM Sotheby's,,BMW,M5,1989,59431.50,72638.50,store:cw-rm-lf26-r0018; GBP at 1.3207 USD
The London Auction 2026,2026-10-31,RM Sotheby's,,Bentley,R-Type Continental Fastback by H.J. Mulliner,1954,462245,554694,store:cw-rm-lf26-r0019; needs review; GBP at 1.3207 USD
The London Auction 2026,2026-10-31,RM Sotheby's,,Milwaukee,7 HP Steam Racer,1901,52828,79242,store:cw-rm-lf26-r0020; needs review; GBP at 1.3207 USD
The London Auction 2026,2026-10-31,RM Sotheby's,,Ferrari,F12berlinetta 70th Anniversary 'Tailor Made',2017,396210,462245,store:cw-rm-lf26-r0021; needs review; GBP at 1.3207 USD
The London Auction 2026,2026-10-31,RM Sotheby's,,Lamborghini,Aventador S LP740-4 Roadster,2018,422624,501866,store:cw-rm-lf26-r0023; needs review; GBP at 1.3207 USD
The London Auction 2026,2026-10-31,RM Sotheby's,,Ferrari,599 GTB Fiorano,2008,118863,145277,store:cw-rm-lf26-r0024; needs review; GBP at 1.3207 USD
The London Auction 2026,2026-10-31,RM Sotheby's,,Ferrari,Dino 246 GTS by Scaglietti,1973,429227.50,627332.50,store:cw-rm-lf26-r0025; needs review; GBP at 1.3207 USD
The London Auction 2026,2026-10-31,RM Sotheby's,,Lamborghini,Murciélago Roadster,2005,594315,858455,store:cw-rm-lf26-r0026; needs review; GBP at 1.3207 USD
The London Auction 2026,2026-10-31,RM Sotheby's,,Ferrari,Superamerica,2007,627332.50,891472.50,store:cw-rm-lf26-r0027; needs review; GBP at 1.3207 USD
The London Auction 2026,2026-10-31,RM Sotheby's,,Ferrari,365 GTB/4 Daytona Berlinetta by Scaglietti,1971,528280,660350,store:cw-rm-lf26-r0028; needs review; GBP at 1.3207 USD
The London Auction 2026,2026-10-31,RM Sotheby's,,Frisky,Family Three,1959,26414,39621,store:cw-rm-lf26-r0029; needs review; GBP at 1.3207 USD
The London Auction 2026,2026-10-31,RM Sotheby's,,Lightburn,Zeta Sports,1964,33017.50,46224.50,store:cw-rm-lf26-r0030; needs review; GBP at 1.3207 USD
The London Auction 2026,2026-10-31,RM Sotheby's,,Ferrari,Scuderia Spider 16M,2009,818834,924490,store:cw-rm-lf26-r0031; GBP at 1.3207 USD
The London Auction 2026,2026-10-31,RM Sotheby's,,Bentley,3½-Litre Fixed Head Coupé by Vesters et Neirinck,1935,198105,330175,store:cw-rm-lf26-r0032; needs review; GBP at 1.3207 USD
The London Auction 2026,2026-10-31,RM Sotheby's,,Ferrari,575M Maranello,2005,158484,184898,store:cw-rm-lf26-r0033; needs review; GBP at 1.3207 USD
The London Auction 2026,2026-10-31,RM Sotheby's,,Lamborghini,Diablo SE30,1994,1584840,2113120,store:cw-rm-lf26-r0034; needs review; GBP at 1.3207 USD
The London Auction 2026,2026-10-31,RM Sotheby's,,Rolls-Royce,Silver Ghost Tilbury Saloon by Willoughby,1923,39621,79242,store:cw-rm-lf26-r0035; needs review; GBP at 1.3207 USD
The London Auction 2026,2026-10-31,RM Sotheby's,,Ferrari,F12tdf,2017,2245190,2641400,store:cw-rm-lf26-r0036; needs review; GBP at 1.3207 USD
The London Auction 2026,2026-10-31,RM Sotheby's,,Porsche,Carrera GT,2004,2641400,3301750,store:cw-rm-lf26-r0037; GBP at 1.3207 USD
The London Auction 2026,2026-10-31,RM Sotheby's,,Volkswagen,Golf R32,2003,39621,66035,store:cw-rm-lf26-r0038; needs review; GBP at 1.3207 USD
The London Auction 2026,2026-10-31,RM Sotheby's,,McLaren,720S Spider,2019,237726,290554,store:cw-rm-lf26-r0039; needs review; GBP at 1.3207 USD
The London Auction 2026,2026-10-31,RM Sotheby's,,Ferrari,360 Challenge Stradale,2004,660350,792420,store:cw-rm-lf26-r0040; needs review; GBP at 1.3207 USD
The London Auction 2026,2026-10-31,RM Sotheby's,,Ferrari,308 GTB 'Vetroresina' by Scaglietti,1977,184898,237726,store:cw-rm-lf26-r0041; needs review; GBP at 1.3207 USD
The London Auction 2026,2026-10-31,RM Sotheby's,,Jaguar,C-Type Recreation by Brazell Engineering,1953,237726,316968,store:cw-rm-lf26-r0042; needs review; GBP at 1.3207 USD
The London Auction 2026,2026-10-31,RM Sotheby's,,Ferrari,275 GTS by Pininfarina,1965,1320700,1981050,store:cw-rm-lf26-r0043; needs review; GBP at 1.3207 USD
The London Auction 2026,2026-10-31,RM Sotheby's,,Ferrari,275 GTB Alloy by Scaglietti,1965,2311225,2641400,store:cw-rm-lf26-r0044; needs review; GBP at 1.3207 USD
The London Auction 2026,2026-10-31,RM Sotheby's,,Bentley,S1 Continental Drophead Coupé by Park Ward,1956,924490,1320700,store:cw-rm-lf26-r0045; needs review; GBP at 1.3207 USD
The London Auction 2026,2026-10-31,RM Sotheby's,,Rolls-Royce,40/50 HP Silver Ghost London-to-Edinburgh Skiff in the style of Labourdette,1914,792420,1188630,store:cw-rm-lf26-r0046; needs review; GBP at 1.3207 USD
The London Auction 2026,2026-10-31,RM Sotheby's,,Bentley,3½-Litre All-Weather Tourer by Barker,1934,92449,132070,store:cw-rm-lf26-r0047; needs review; GBP at 1.3207 USD
The London Auction 2026,2026-10-31,RM Sotheby's,,Aston Martin,DB5 Convertible,1964,495262.50,759402.50,store:cw-rm-lf26-r0048; needs review; GBP at 1.3207 USD
The London Auction 2026,2026-10-31,RM Sotheby's,,Bentley,S2 Drophead Coupé Adaptation by H.J. Mulliner,1961,158484,211312,store:cw-rm-lf26-r0049; needs review; GBP at 1.3207 USD
The London Auction 2026,2026-10-31,RM Sotheby's,,Rolls-Royce,Silver Cloud III Drophead Coupé Adaptation by H.J. Mulliner,1964,198105,330175,store:cw-rm-lf26-r0050; needs review; GBP at 1.3207 USD
The London Auction 2026,2026-10-31,RM Sotheby's,,Fiat,508S 'Balilla' Coppa d’Oro,1934,79242,118863,store:cw-rm-lf26-r0051; needs review; GBP at 1.3207 USD
The London Auction 2026,2026-10-31,RM Sotheby's,,Fiat,508S 'Balilla' Coppa d’Oro,1935,79242,118863,store:cw-rm-lf26-r0052; needs review; GBP at 1.3207 USD
The London Auction 2026,2026-10-31,RM Sotheby's,,Ferrari,Scuderia Spider 16M,2009,858455,990525,store:cw-rm-lf26-r0053; GBP at 1.3207 USD
The London Auction 2026,2026-10-31,RM Sotheby's,,Mercedes-Benz,SLR 'McLaren Edition' Roadster by McLaren Special Operations,2007,858455,990525,store:cw-rm-lf26-r0054; needs review; GBP at 1.3207 USD
The London Auction 2026,2026-10-31,RM Sotheby's,,Land Rover,Series II 'Art Car' by Sean Wotherspoon,1959,79242,105656,store:cw-rm-lf26-r0055; needs review; GBP at 1.3207 USD
The London Auction 2026,2026-10-31,RM Sotheby's,,MMC,8 HP Rear-Entrance Tonneau,1904,66035,92449,store:cw-rm-lf26-r0056; needs review; GBP at 1.3207 USD
The London Auction 2026,2026-10-31,RM Sotheby's,,Leyland,Cub London Transport Interstation Bus,1936,66035,92449,store:cw-rm-lf26-r0057; needs review; GBP at 1.3207 USD
The London Auction 2026,2026-10-31,RM Sotheby's,,Leyland,Lioness Charabanc,1929,39621,52828,store:cw-rm-lf26-r0058; needs review; GBP at 1.3207 USD
The London Auction 2026,2026-10-31,RM Sotheby's,,Honda,Integra Type R,1998,26414,39621,store:cw-rm-lf26-r0059; needs review; GBP at 1.3207 USD
The London Auction 2026,2026-10-31,RM Sotheby's,,Porsche,911 GT3 RS 3.8,2011,594315,660350,store:cw-rm-lf26-r0060; GBP at 1.3207 USD
The London Auction 2026,2026-10-31,RM Sotheby's,,Locomobile,Type 1 'Style 1' Spindle-Seat Runabout,1899,52828,66035,store:cw-rm-lf26-r0061; needs review; GBP at 1.3207 USD
Geneva Auction 2026,2026-11-08,Gooding Christie's,,Ferrari,F12 TDF,2016,,,store:cw-gooding-2016-ferrari-f12-tdf; needs review
Geneva Auction 2026,2026-11-08,Gooding Christie's,,Ferrari,812 Competizione Aperta,2023,,,store:cw-gooding-2023-ferrari-812-competizione-aperta; needs review
Geneva Auction 2026,2026-11-08,Gooding Christie's,,Ferrari,12 Cilindri Spider,2025,,,store:cw-gooding-2025-ferrari-12-cilindri-spider; needs review
Geneva Auction 2026,2026-11-08,Gooding Christie's,,Ferrari,812 Competizione Coupé,2025,,,store:cw-gooding-2025-ferrari-812-competizione-coupe
Geneva Auction 2026,2026-11-08,Gooding Christie's,,Ferrari,SF90 XX Spider,2025,,,store:cw-gooding-2025-ferrari-sf90-xx-spider; needs review
Geneva Auction 2026,2026-11-08,Gooding Christie's,,Ferrari,296 Speciale,2026,,,store:cw-gooding-2026-ferrari-296-speciale; needs review
Rétromobile New York 2026,2026-11-20,Gooding Christie's,,Miller,122 Front Drive Racecar,1925,,,store:cw-gooding-1925-miller-122-front-drive-racecar; needs review
Rétromobile New York 2026,2026-11-20,Gooding Christie's,,Alfa Romeo,6C 1750 Series III Super Sport Spider,1930,,,store:cw-gooding-1930-alfa-romeo-6c-1750-series-iii-super-sport-spider; needs review
Rétromobile New York 2026,2026-11-20,Gooding Christie's,,Welch-Ford,Indianapolis Two-Seater,1935,,,store:cw-gooding-1935-welch-ford-special-two-man-indianapolis-racing-car; needs review
Rétromobile New York 2026,2026-11-20,Gooding Christie's,,Talbot-Lago,T15 Cabriolet,1938,,,store:cw-gooding-1938-talbot-lago-t15-cabriolet; needs review
Rétromobile New York 2026,2026-11-20,Gooding Christie's,,Delage,D6-3L Grand Prix,1939,,,store:cw-gooding-1939-delage-d6-3l-grand-prix; needs review
Rétromobile New York 2026,2026-11-20,Gooding Christie's,,Chevrolet,3/4-Ton Truck,1941,,,store:cw-gooding-1941-chevrolet-3-4-ton-truck; needs review
Rétromobile New York 2026,2026-11-20,Gooding Christie's,,Lancia,Aprilia Barchetta Corsa,1946,,,store:cw-gooding-1946-lancia-aprilia-barchetta-corsa; needs review
Rétromobile New York 2026,2026-11-20,Gooding Christie's,,Snowberger-Offenhauser,'Auto Shippers' Special Indy Roadster,1948,,,store:cw-gooding-1948-snowberger-offenhauser-auto-shippers-special-indy-roadster; needs review
Rétromobile New York 2026,2026-11-20,Gooding Christie's,,Indian,Scout Model 249,1949,,,store:cw-gooding-1949-indian-scout-model-249; needs review
Rétromobile New York 2026,2026-11-20,Gooding Christie's,,Indian,Super Scout,1949,,,store:cw-gooding-1949-indian-super-scout; needs review
Rétromobile New York 2026,2026-11-20,Gooding Christie's,,Nymans,Moped,1949,,,store:cw-gooding-1949-nymans-moped; needs review
Rétromobile New York 2026,2026-11-20,Gooding Christie's,,Rounds,Rocket Single Seater,1949,,,store:cw-gooding-1949-rounds-rocket-single-seater; needs review
Rétromobile New York 2026,2026-11-20,Gooding Christie's,,Indian,Chief,1953,,,store:cw-gooding-1953-indian-chief; needs review
Rétromobile New York 2026,2026-11-20,Gooding Christie's,,Siata,208 CS Berlinetta,1953,,,store:cw-gooding-1953-siata-208-cs-berlinetta-rn26; needs review
Rétromobile New York 2026,2026-11-20,Gooding Christie's,,Jaguar,XK120 SE Roadster,1954,,,store:cw-gooding-1954-jaguar-xk120-se-roadster-rn26; needs review
Rétromobile New York 2026,2026-11-20,Gooding Christie's,,NSU,Max,1954,,,store:cw-gooding-1954-nsu-max; needs review
Rétromobile New York 2026,2026-11-20,Gooding Christie's,,MV Agusta,175CSS 'Disco Volante',1955,,,store:cw-gooding-1955-mv-agusta-175css-disco-volante; needs review
Rétromobile New York 2026,2026-11-20,Gooding Christie's,,Kuzma-Offenhauser,Indianapolis Single Seater,1956,,,store:cw-gooding-1956-kuzma-offenhauser-indianapolis-single-seater; needs review
Rétromobile New York 2026,2026-11-20,Gooding Christie's,,BMW,507 Series I Roadster,1957,,,store:cw-gooding-1957-bmw-507-series-i; needs review
Rétromobile New York 2026,2026-11-20,Gooding Christie's,,Jaguar,Mk II,1962,,,store:cw-gooding-1962-jaguar-mk-ii; needs review
Rétromobile New York 2026,2026-11-20,Gooding Christie's,,Jaguar,Mk II 3.8,1962,,,store:cw-gooding-1962-jaguar-mk-ii-38; needs review
Rétromobile New York 2026,2026-11-20,Gooding Christie's,,Mercedes-Benz,300 SL Roadster,1962,,,store:cw-gooding-1962-mercedes-benz-300-sl-roadster-rn26; needs review
Rétromobile New York 2026,2026-11-20,Gooding Christie's,,Norton,Atlas/Commando,1962,,,store:cw-gooding-1962-norton-atlas-commando; needs review
Rétromobile New York 2026,2026-11-20,Gooding Christie's,,Norton,Atlas Custom Cafe Racer,1962,,,store:cw-gooding-1962-norton-atlas-custom-cafe-racer; needs review
Rétromobile New York 2026,2026-11-20,Gooding Christie's,,Ferrari,250 GT Lusso,1963,,,store:cw-gooding-1963-ferrari-250-gt-lusso-rn26; needs review
Rétromobile New York 2026,2026-11-20,Gooding Christie's,,Ferrari,275 GTB,1965,,,store:cw-gooding-1965-ferrari-275-gtb-rn26; needs review
Rétromobile New York 2026,2026-11-20,Gooding Christie's,,Ferrari,275 GTS,1965,,,store:cw-gooding-1965-ferrari-275-gts-rn26; needs review
Rétromobile New York 2026,2026-11-20,Gooding Christie's,,Porsche,911,1965,,,store:cw-gooding-1965-porsche-911-rn26
Rétromobile New York 2026,2026-11-20,Gooding Christie's,,Puch,250 SGS,1965,,,store:cw-gooding-1965-puch-250-sgs; needs review
Rétromobile New York 2026,2026-11-20,Gooding Christie's,,Honda,CB77 Super Hawk,1966,,,store:cw-gooding-1966-honda-cb77-super-hawk; needs review
Rétromobile New York 2026,2026-11-20,Gooding Christie's,,Bizzarrini,5300 GT Strada,1967,,,store:cw-gooding-1967-bizzarrini-5300-gt-strada; needs review
Rétromobile New York 2026,2026-11-20,Gooding Christie's,,BSA,A50 Royal Star,1967,,,store:cw-gooding-1967-bsa-a50-royal-star; needs review
Rétromobile New York 2026,2026-11-20,Gooding Christie's,,De Tomaso,Vallelunga,1967,,,store:cw-gooding-1967-de-tomaso-vallelunga-rn26; needs review
Rétromobile New York 2026,2026-11-20,Gooding Christie's,,Ferrari,275 GTB/4*S NART Spider,1967,,,store:cw-gooding-1967-ferrari-275-gtb-4s-nart-spider; needs review
Rétromobile New York 2026,2026-11-20,Gooding Christie's,,Yamaha,YM2C Big Bear,1967,,,store:cw-gooding-1967-yamaha-ym2c-big-bear; needs review
Rétromobile New York 2026,2026-11-20,Gooding Christie's,,Yamaha,YM2C Big Bear Scrambler,1967,,,store:cw-gooding-1967-yamaha-ym2c-big-bear-scrambler; needs review
Rétromobile New York 2026,2026-11-20,Gooding Christie's,,Jaguar,E-Type Series II 4.2-Litre Fixed Head Coupe 2+2,1968,,,store:cw-gooding-1968-jaguar-e-type-series-ii-42-litre-fixed-head-coupe-22; needs review
Rétromobile New York 2026,2026-11-20,Gooding Christie's,,Moto Guzzi,V750 Ambassador,1969,,,store:cw-gooding-1969-moto-guzzi-v750-ambassador; needs review
Rétromobile New York 2026,2026-11-20,Gooding Christie's,,Mercedes-Benz,280 SE 3.5 Cabriolet,1970,,,store:cw-gooding-1970-mercedes-benz-280-se-35-cabriolet-rn26
Rétromobile New York 2026,2026-11-20,Gooding Christie's,,Honda,CB450,1971,,,store:cw-gooding-1971-honda-cb450-rn26; needs review
Rétromobile New York 2026,2026-11-20,Gooding Christie's,,Ferrari,365 GTS/4 Daytona Spider,1972,,,store:cw-gooding-1972-ferrari-365-gts-4-daytona-spider; needs review
Rétromobile New York 2026,2026-11-20,Gooding Christie's,,Ferrari,Dino 246 GT,1972,,,store:cw-gooding-1972-ferrari-dino-246-gt-rn26; needs review
Rétromobile New York 2026,2026-11-20,Gooding Christie's,,Honda,CB500 Four,1972,,,store:cw-gooding-1972-honda-cb500-four; needs review
Rétromobile New York 2026,2026-11-20,Gooding Christie's,,Honda,CB500K1,1972,,,store:cw-gooding-1972-honda-cb500k1; needs review
Rétromobile New York 2026,2026-11-20,Gooding Christie's,,Moto Guzzi,Eldorado,1972,,,store:cw-gooding-1972-moto-guzzi-eldorado; needs review
Rétromobile New York 2026,2026-11-20,Gooding Christie's,,Moto Guzzi,V850 Eldorado,1972,,,store:cw-gooding-1972-moto-guzzi-v850-eldorado; needs review
Rétromobile New York 2026,2026-11-20,Gooding Christie's,,BMW,R60/5,1973,,,store:cw-gooding-1973-bmw-r60-5; needs review
Rétromobile New York 2026,2026-11-20,Gooding Christie's,,Ducati,750 Sport,1975,,,store:cw-gooding-1975-ducati-750-sport-rn26; needs review
Rétromobile New York 2026,2026-11-20,Gooding Christie's,,Honda,GL-1000 Gold Wing,1975,,,store:cw-gooding-1975-honda-gl-1000-gold-wing; needs review
Rétromobile New York 2026,2026-11-20,Gooding Christie's,,Honda,GL1000 Gold Wing,1975,,,store:cw-gooding-1975-honda-gl1000-gold-wing; needs review
Rétromobile New York 2026,2026-11-20,Gooding Christie's,,Lamborghini,Espada Series III,1975,,,store:cw-gooding-1975-lamborghini-espada-series-iii; needs review
Rétromobile New York 2026,2026-11-20,Gooding Christie's,,Moto Guzzi,850T,1975,,,store:cw-gooding-1975-moto-guzzi-850t; needs review
Rétromobile New York 2026,2026-11-20,Gooding Christie's,,Moto Guzzi,850T Custom,1975,,,store:cw-gooding-1975-moto-guzzi-850t-custom; needs review
Rétromobile New York 2026,2026-11-20,Gooding Christie's,,Norton,Commando 850 Mk3,1975,,,store:cw-gooding-1975-norton-commando-850-mk3; needs review
Rétromobile New York 2026,2026-11-20,Gooding Christie's,,Norton,Commando 850 Mk III,1975,,,store:cw-gooding-1975-norton-commando-850-mk-iii; needs review
Rétromobile New York 2026,2026-11-20,Gooding Christie's,,Yamaha,XS650,1975,,,store:cw-gooding-1975-yamaha-xs650; needs review
Rétromobile New York 2026,2026-11-20,Gooding Christie's,,Yamaha,XS650 Bobber by Mike Woolaway,1975,,,store:cw-gooding-1975-yamaha-xs650-bobber-by-mike-woolaway; needs review
Rétromobile New York 2026,2026-11-20,Gooding Christie's,,Yamaha,XS650 Custom,1975,,,store:cw-gooding-1975-yamaha-xs650-custom; needs review
Rétromobile New York 2026,2026-11-20,Gooding Christie's,,Yamaha,XS650,1975,,,store:cw-gooding-1975-yamaha-xs650-rn26; needs review
Rétromobile New York 2026,2026-11-20,Gooding Christie's,,BMW,R100RS,1977,,,store:cw-gooding-1977-bmw-r100rs; needs review
Rétromobile New York 2026,2026-11-20,Gooding Christie's,,Harley-Davidson,XLCR,1977,,,store:cw-gooding-1977-harley-davidson-xlcr; needs review
Rétromobile New York 2026,2026-11-20,Gooding Christie's,,Harley-Davidson,XLCR-1000 Cafe Racer,1977,,,store:cw-gooding-1977-harley-davidson-xlcr-1000-cafe-racer; needs review
Rétromobile New York 2026,2026-11-20,Gooding Christie's,,Moto Guzzi,850 Le Mans,1977,,,store:cw-gooding-1977-moto-guzzi-850-le-mans; needs review
Rétromobile New York 2026,2026-11-20,Gooding Christie's,,Moto Guzzi,Le Mans 1,1977,,,store:cw-gooding-1977-moto-guzzi-le-mans-1; needs review
Rétromobile New York 2026,2026-11-20,Gooding Christie's,,Ducati,900 Super Sport,1978,,,store:cw-gooding-1978-ducati-900-super-sport; needs review
Rétromobile New York 2026,2026-11-20,Gooding Christie's,,Ducati,900 Super Sport,1978,,,store:cw-gooding-1978-ducati-900-super-sport-rn26; needs review
Rétromobile New York 2026,2026-11-20,Gooding Christie's,,Triumph,Bonneville T140 'Madison Square Garden' Custom,1978,,,store:cw-gooding-1978-triumph-t140-bonneville; needs review
Rétromobile New York 2026,2026-11-20,Gooding Christie's,,BMW,R65,1979,,,store:cw-gooding-1979-bmw-r65; needs review
Rétromobile New York 2026,2026-11-20,Gooding Christie's,,Triumph,Bonneville T140,1979,,,store:cw-gooding-1979-triumph-bonneville-t140; needs review
Rétromobile New York 2026,2026-11-20,Gooding Christie's,,Triumph,T140 Bonneville,1979,,,store:cw-gooding-1979-triumph-t140-bonneville; needs review
Rétromobile New York 2026,2026-11-20,Gooding Christie's,,Yamaha,SR500,1979,,,store:cw-gooding-1979-yamaha-sr500; needs review
Rétromobile New York 2026,2026-11-20,Gooding Christie's,,Yamaha,SR500 Custom Cafe Racer,1979,,,store:cw-gooding-1979-yamaha-sr500-custom-cafe-racer; needs review
Rétromobile New York 2026,2026-11-20,Gooding Christie's,,Moto Morini,500,1980,,,store:cw-gooding-1980-moto-morini-500; needs review
Rétromobile New York 2026,2026-11-20,Gooding Christie's,,Moto Guzzi,G5,1981,,,store:cw-gooding-1981-moto-guzzi-g5; needs review
Rétromobile New York 2026,2026-11-20,Gooding Christie's,,Moto Guzzi,V1000 G5 Custom,1981,,,store:cw-gooding-1981-moto-guzzi-v1000-g5-custom; needs review
Rétromobile New York 2026,2026-11-20,Gooding Christie's,,Moto Guzzi,V35 II,1981,,,store:cw-gooding-1981-moto-guzzi-v35-ii; needs review
Rétromobile New York 2026,2026-11-20,Gooding Christie's,,Ducati,900 Darmah SD,1982,,,store:cw-gooding-1982-ducati-900-darmah-sd; needs review
Rétromobile New York 2026,2026-11-20,Gooding Christie's,,Ducati,900 Mike Hailwood Replica,1982,,,store:cw-gooding-1982-ducati-900-mike-hailwood-replica; needs review
Rétromobile New York 2026,2026-11-20,Gooding Christie's,,Harley-Davidson,XLH1000,1982,,,store:cw-gooding-1982-harley-davidson-xlh1000; needs review
Rétromobile New York 2026,2026-11-20,Gooding Christie's,,Harley-Davidson,XLH1000 Sportster,1982,,,store:cw-gooding-1982-harley-davidson-xlh1000-sportster; needs review
Rétromobile New York 2026,2026-11-20,Gooding Christie's,,Moto Guzzi,V35 Imola,1982,,,store:cw-gooding-1982-moto-guzzi-v35-imola; needs review
Rétromobile New York 2026,2026-11-20,Gooding Christie's,,Moto Guzzi,V50 Monza,1982,,,store:cw-gooding-1982-moto-guzzi-v50-monza; needs review
Rétromobile New York 2026,2026-11-20,Gooding Christie's,,Suzuki,GS1000 Katana,1982,,,store:cw-gooding-1982-suzuki-gs1000-katana; needs review
Rétromobile New York 2026,2026-11-20,Gooding Christie's,,Suzuki,GS1000S Katana,1982,,,store:cw-gooding-1982-suzuki-gs1000s-katana; needs review
Rétromobile New York 2026,2026-11-20,Gooding Christie's,,Yamaha,Virago 750,1982,,,store:cw-gooding-1982-yamaha-virago-750; needs review
Rétromobile New York 2026,2026-11-20,Gooding Christie's,,Yamaha,Virago 'Vinago' Custom by Greg Hageman,1982,,,store:cw-gooding-1982-yamaha-virago-vinago-custom-by-greg-hageman; needs review
Rétromobile New York 2026,2026-11-20,Gooding Christie's,,BMW,R80ST,1983,,,store:cw-gooding-1983-bmw-r80st; needs review
Rétromobile New York 2026,2026-11-20,Gooding Christie's,,Ducati,900 Mike Hailwood Replica,1983,,,store:cw-gooding-1983-ducati-900-mike-hailwood-replica; needs review
Rétromobile New York 2026,2026-11-20,Gooding Christie's,,Honda,GL650 Silverwing,1983,,,store:cw-gooding-1983-honda-gl650-silverwing; needs review
Rétromobile New York 2026,2026-11-20,Gooding Christie's,,Honda,GL650 Silverwing Interstate,1983,,,store:cw-gooding-1983-honda-gl650-silverwing-interstate; needs review
Rétromobile New York 2026,2026-11-20,Gooding Christie's,,Moto Guzzi,Le Mans III,1983,,,store:cw-gooding-1983-moto-guzzi-le-mans-iii; needs review
Rétromobile New York 2026,2026-11-20,Gooding Christie's,,March,Cosworth 84C,1984,,,store:cw-gooding-1984-march-cosworth-84c; needs review
Rétromobile New York 2026,2026-11-20,Gooding Christie's,,March,Cosworth 84C Indianapolis Racecar,1984,,,store:cw-gooding-1984-march-cosworth-84c-indianapolis-racecar; needs review
Rétromobile New York 2026,2026-11-20,Gooding Christie's,,Ferrari,Mondial 3.2 Quattrovalvole Cabriolet,1986,,,store:cw-gooding-1986-ferrari-mondial-32-quattrovalvole-cabriolet; needs review
Rétromobile New York 2026,2026-11-20,Gooding Christie's,,Schwinn,Whizzer Reproduction,1990,,,store:cw-gooding-1990-schwinn-whizzer-reproduction; needs review
Rétromobile New York 2026,2026-11-20,Gooding Christie's,,Moto Guzzi,1000S,1993,,,store:cw-gooding-1993-moto-guzzi-1000s; needs review
Rétromobile New York 2026,2026-11-20,Gooding Christie's,,BMW,R100 Mystic,1994,,,store:cw-gooding-1994-bmw-r100-mystic; needs review
Rétromobile New York 2026,2026-11-20,Gooding Christie's,,BMW,R100R Mystic,1994,,,store:cw-gooding-1994-bmw-r100r-mystic; needs review
Rétromobile New York 2026,2026-11-20,Gooding Christie's,,Ferrari,F355 Spider,1995,,,store:cw-gooding-1995-ferrari-f355-spider; needs review
Rétromobile New York 2026,2026-11-20,Gooding Christie's,,Honda,VT1100C3 Shadow Aero,1999,,,store:cw-gooding-1999-honda-vt1100c3-shadow-aero; needs review
Rétromobile New York 2026,2026-11-20,Gooding Christie's,,Honda,VT1100 Shadow Aero,1999,,,store:cw-gooding-1999-honda-vt1100-shadow-aero; needs review
Rétromobile New York 2026,2026-11-20,Gooding Christie's,,Kawasaki,W650 by Deus Ex Machina,1999,,,store:cw-gooding-1999-kawasaki-w650-by-deus-ex-machina; needs review
Rétromobile New York 2026,2026-11-20,Gooding Christie's,,Harley-Davidson,XL1200R,2004,,,store:cw-gooding-2004-harley-davidson-xl1200r; needs review
Rétromobile New York 2026,2026-11-20,Gooding Christie's,,Harley-Davidson,XL 1200R Sportster Roadster,2004,,,store:cw-gooding-2004-harley-davidson-xl-1200r-sportster-roadster; needs review
Rétromobile New York 2026,2026-11-20,Gooding Christie's,,Triumph,Bonneville T100 with DMC Sidecar,2004,,,store:cw-gooding-2004-triumph-bonneville-t100-with-dmc-sidecar; needs review
Rétromobile New York 2026,2026-11-20,Gooding Christie's,,Triumph,T100 Bonneville,2004,,,store:cw-gooding-2004-triumph-t100-bonneville; needs review
Rétromobile New York 2026,2026-11-20,Gooding Christie's,,Harley-Davidson,883 Sportster,2005,,,store:cw-gooding-2005-harley-davidson-883-sportster; needs review
Rétromobile New York 2026,2026-11-20,Gooding Christie's,,Harley-Davidson,883 Sportster,2005,,,store:cw-gooding-2005-harley-davidson-xl-883l-sportster-883-low; needs review
Rétromobile New York 2026,2026-11-20,Gooding Christie's,,Royal Enfield,Bullet 500 Cafe,2005,,,store:cw-gooding-2005-royal-enfield-bullet-500-cafe; needs review
Rétromobile New York 2026,2026-11-20,Gooding Christie's,,Royal Enfield,Bullet 500 Cafe Racer,2005,,,store:cw-gooding-2005-royal-enfield-bullet-500-cafe-racer; needs review
Rétromobile New York 2026,2026-11-20,Gooding Christie's,,Triumph,Thruxton,2005,,,store:cw-gooding-2005-triumph-thruxton; needs review
Rétromobile New York 2026,2026-11-20,Gooding Christie's,,Harley-Davidson,FLHRI Road King with Liberty Sidecar,2006,,,store:cw-gooding-2006-harley-davidson-flhri-road-king-with-liberty-sidecar; needs review
Rétromobile New York 2026,2026-11-20,Gooding Christie's,,Harley-Davidson,Road King with Liberty Sidecar,2006,,,store:cw-gooding-2006-harley-davidson-road-king-with-liberty-sidecar; needs review
Rétromobile New York 2026,2026-11-20,Gooding Christie's,,Orange County Choppers,Custom Bobber,2006,,,store:cw-gooding-2006-orange-county-choppers-custom-bobber; needs review
Rétromobile New York 2026,2026-11-20,Gooding Christie's,,Orange County Choppers,Indian Chief Bobber,2006,,,store:cw-gooding-2006-orange-county-choppers-indian-chief-bobber; needs review
Rétromobile New York 2026,2026-11-20,Gooding Christie's,,Bentley,Azure,2007,,,store:cw-gooding-2007-bentley-azure-rn26; needs review
Rétromobile New York 2026,2026-11-20,Gooding Christie's,,Triumph,Bonneville T100,2007,,,store:cw-gooding-2007-triumph-bonneville-t100; needs review
Rétromobile New York 2026,2026-11-20,Gooding Christie's,,Triumph,T100 Bonneville,2007,,,store:cw-gooding-2007-triumph-t100-bonneville; needs review
Rétromobile New York 2026,2026-11-20,Gooding Christie's,,Harley-Davidson,EL Knuckehead,2008,,,store:cw-gooding-2008-harley-davidson-el-knuckehead; needs review
Rétromobile New York 2026,2026-11-20,Gooding Christie's,,Lighthouse Harley-Davidson,'EL Knucklehead' Custom,2008,,,store:cw-gooding-2008-lighthouse-harley-davidson-el-knucklehead-custom; needs review
Rétromobile New York 2026,2026-11-20,Gooding Christie's,,Triumph,Bonneville T100 Custom,2008,,,store:cw-gooding-2008-triumph-bonneville-t100-custom; needs review
Rétromobile New York 2026,2026-11-20,Gooding Christie's,,Triumph,T100 Bonneville,2008,,,store:cw-gooding-2008-triumph-t100-bonneville; needs review
Rétromobile New York 2026,2026-11-20,Gooding Christie's,,Genuine,Stella 150 with Sidecar,2009,,,store:cw-gooding-2009-genuine-stella-150-with-sidecar; needs review
Rétromobile New York 2026,2026-11-20,Gooding Christie's,,Genuine,Stella with Sidecar,2009,,,store:cw-gooding-2009-genuine-stella-with-sidecar; needs review
Rétromobile New York 2026,2026-11-20,Gooding Christie's,,Kawasaki,W650 Bobber,2009,,,store:cw-gooding-2009-kawasaki-w650-bobber; needs review
Rétromobile New York 2026,2026-11-20,Gooding Christie's,,Kawasaki,W650 Bobber Custom by Mike Woolaway,2009,,,store:cw-gooding-2009-kawasaki-w650-bobber-custom-by-mike-woolaway; needs review
Rétromobile New York 2026,2026-11-20,Gooding Christie's,,Royal Enfield,Blt 500 Mil (Scrambler),2009,,,store:cw-gooding-2009-royal-enfield-blt-500-mil-scrambler; needs review
Rétromobile New York 2026,2026-11-20,Gooding Christie's,,Royal Enfield,Bullet 500 Scrambler,2009,,,store:cw-gooding-2009-royal-enfield-bullet-500-scrambler; needs review
Rétromobile New York 2026,2026-11-20,Gooding Christie's,,Thunderdome,1949 Panhead,2009,,,store:cw-gooding-2009-thunderdome-1949-panhead; needs review
Rétromobile New York 2026,2026-11-20,Gooding Christie's,,Thunderdome,Panhead-Style Custom,2009,,,store:cw-gooding-2009-thunderdome-panhead-style-custom; needs review
Rétromobile New York 2026,2026-11-20,Gooding Christie's,,Moto Guzzi,V7 Cafe,2010,,,store:cw-gooding-2010-moto-guzzi-v7-cafe; needs review
Rétromobile New York 2026,2026-11-20,Gooding Christie's,,Moto Guzzi,V7 Cafe Classic,2010,,,store:cw-gooding-2010-moto-guzzi-v7-cafe-classic; needs review
Rétromobile New York 2026,2026-11-20,Gooding Christie's,,Kiwi Indian,Chieftain,2011,,,store:cw-gooding-2011-kiwi-indian-chieftain; needs review
Rétromobile New York 2026,2026-11-20,Gooding Christie's,,Yamaha,Bolt,2014,,,store:cw-gooding-2014-yamaha-bolt; needs review
Rétromobile New York 2026,2026-11-20,Gooding Christie's,,Yamaha,Bolt Custom,2014,,,store:cw-gooding-2014-yamaha-bolt-custom; needs review
Rétromobile New York 2026,2026-11-20,Gooding Christie's,,Yamaha,SR400,2015,,,store:cw-gooding-2015-yamaha-sr400; needs review
Rétromobile New York 2026,2026-11-20,Gooding Christie's,,Yamaha,TW200,2018,,,store:cw-gooding-2018-yamaha-tw200; needs review
Rétromobile New York 2026,2026-11-20,Gooding Christie's,,Yamaha,V Star 250,2018,,,store:cw-gooding-2018-yamaha-v-star-250; needs review
Rétromobile New York 2026,2026-11-20,Gooding Christie's,,Royal Enfield,650 Interceptor,2019,,,store:cw-gooding-2019-royal-enfield-650-interceptor; needs review
Rétromobile New York 2026,2026-11-20,Gooding Christie's,,Honda,Super Cub,2021,,,store:cw-gooding-2021-honda-super-cub; needs review
Rétromobile New York 2026,2026-11-20,Gooding Christie's,,Honda,Super Cub C125,2021,,,store:cw-gooding-2021-honda-super-cub-c125; needs review
The Munich Auction 2026,2026-11-20,RM Sotheby's,,BMW,635CSi Group A,1986,559300,783020,store:cw-rm-mu26-r0001; needs review; EUR at 1.1186 USD
The Munich Auction 2026,2026-11-20,RM Sotheby's,,Porsche,911 Turbo Coupé,2002,78302,134232,store:cw-rm-mu26-r0006; EUR at 1.1186 USD
The Munich Auction 2026,2026-11-20,RM Sotheby's,,Porsche,911 Turbo S Lightweight,1993,894880,1118600,store:cw-rm-mu26-r0007; needs review; EUR at 1.1186 USD
The Munich Auction 2026,2026-11-20,RM Sotheby's,,Porsche,911 Carrera RS 3.8,1993,1230460,1454180,store:cw-rm-mu26-r0008; needs review; EUR at 1.1186 USD
The Munich Auction 2026,2026-11-20,RM Sotheby's,,Abarth,695 Tributo Ferrari,2010,33558,44744,store:cw-rm-mu26-r0009; needs review; EUR at 1.1186 USD
The Munich Auction 2026,2026-11-20,RM Sotheby's,,Mercedes-AMG,C-Coupé DTM,2014,447440,671160,store:cw-rm-mu26-r0010; needs review; EUR at 1.1186 USD
The Munich Auction 2026,2026-11-20,RM Sotheby's,,Porsche,911 Spirit 70,2026,178976,212534,store:cw-rm-mu26-r0013; needs review; EUR at 1.1186 USD
The Munich Auction 2026,2026-11-20,RM Sotheby's,,Porsche,911 Turbo S Cabriolet,2005,89488,145418,store:cw-rm-mu26-r0014; EUR at 1.1186 USD
The Munich Auction 2026,2026-11-20,RM Sotheby's,,Porsche,911 S/T,2024,335580,391510,store:cw-rm-mu26-r0015; needs review; EUR at 1.1186 USD
The Munich Auction 2026,2026-11-20,RM Sotheby's,,Porsche,911 S 2.4 Targa,1973,145418,167790,store:cw-rm-mu26-r0016; needs review; EUR at 1.1186 USD
The Munich Auction 2026,2026-11-20,RM Sotheby's,,Porsche,911 Targa 4 GTS Edition 50 Years Porsche Design Edition 50 Years Porsche Design,2023,167790,201348,store:cw-rm-mu26-r0017; EUR at 1.1186 USD
The Munich Auction 2026,2026-11-20,RM Sotheby's,,Porsche,911 Sport Classic,2023,313208,357952,store:cw-rm-mu26-r0018; EUR at 1.1186 USD
The Munich Auction 2026,2026-11-20,RM Sotheby's,,Mercedes-Benz,190 E 2.5-16 Evolution II,1990,335580,447440,store:cw-rm-mu26-r0019; EUR at 1.1186 USD
The Munich Auction 2026,2026-11-20,RM Sotheby's,,Porsche,911 Carrera RS 3.8 Clubsport,1995,167790,223720,store:cw-rm-mu26-r0022; needs review; EUR at 1.1186 USD
The Munich Auction 2026,2026-11-20,RM Sotheby's,,Porsche,911 Turbo,1991,218127,274057,store:cw-rm-mu26-r0023; EUR at 1.1186 USD
The Abu Dhabi Auction 2026,2026-12-04,RM Sotheby's,,Ferrari,599 GTB Fiorano,2010,140000,200000,store:cw-rm-ad26-r0001; needs review
The Paris Auction 2027,2027-02-03,RM Sotheby's,,Renault,5 Turbo 1,1981,156604,223720,store:cw-rm-pa27-r0001; needs review; EUR at 1.1186 USD
The Paris Auction 2027,2027-02-03,RM Sotheby's,,Abarth,695 Tributo Ferrari,2010,44744,55930,store:cw-rm-pa27-r0002; needs review; EUR at 1.1186 USD
Rétromobile Paris 2027,2027-02-04,Gooding Christie's,,Frazer Nash,High Speed Competition,1949,,,store:cw-gooding-1949-frazer-nash-high-speed-competition; needs review
