manufacturer,model,measured_at,status,note
Chevrolet,C/K,2026-09-05T10:45:00Z,ok,"20 videos, ~77085 matches"
Chevrolet,CORVETTE,2026-10-03T12:37:17Z,ok,"50 videos, ~242179 matches"
Chevrolet,CORVETTE CONVERTIBLE,2026-09-18T12:11:19Z,ok,"47 videos, ~8730 matches"
Chevrolet,CORVETTE COUPE,2026-09-12T11:39:05Z,ok,"40 videos, ~8767 matches"
Ford,Bronco U13/U14/U15 1966-1977,2026-09-20T12:16:43Z,empty,no videos in window
Ford,F-Series 1973-1979,2026-09-26T12:15:44Z,ok,"27 videos, ~179501 matches"
Ford,F-Series 1992-1997,2026-09-09T11:34:01Z,ok,"35 videos, ~123511 matches"
Ford,Fox-Body Mustang,2026-10-03T12:37:18Z,ok,"49 videos, ~2574 matches"
Ford,MUSTANG,2026-09-12T11:39:04Z,ok,"49 videos, ~843378 matches"
Ford,Thunderbird,2026-09-09T11:34:02Z,ok,"47 videos, ~39102 matches"
Jeep,Jeep Wrangler TJ,2026-09-27T12:54:34Z,ok,"45 videos, ~39862 matches"
Land Rover,Range Rover L405,2026-10-03T12:37:20Z,ok,"50 videos, ~736 matches"
Mercedes-Benz,R107 SL,2026-08-29T20:08:52Z,ok,"48 videos, ~199 matches"
Mercedes-Benz,R129 SL,2026-09-26T12:15:43Z,ok,"46 videos, ~2434 matches"
Mercedes-Benz,R230 SL,2026-09-23T12:32:21Z,ok,"43 videos, ~122 matches"
Porsche,911 Carrera 3.2,2026-10-09T15:01:39Z,ok,"50 videos, ~575 matches"
Porsche,958 Cayenne,2026-08-31T14:04:43Z,ok,"48 videos, ~147 matches"
Porsche,986 Boxster,2026-10-03T12:37:19Z,ok,"49 videos, ~937 matches"
